<project xmlns="http://maven.apache.org/POM/4.0.0" xmlns:xsi="http://www.w3.org/2001/XMLSchema-instance"
         xsi:schemaLocation="http://maven.apache.org/POM/4.0.0 http://maven.apache.org/maven-v4_0_0.xsd">
  <modelVersion>4.0.0</modelVersion>
  <groupId></groupId>
  <artifactId></artifactId>
  <packaging>maven-plugin</packaging>
  <version></version>
  <name></name>
  <dependencies>
    <dependency>
      <groupId>org.apache.maven.dotnet</groupId>
      <artifactId>dotnet-assembler</artifactId>
      <version>0.14</version>
    </dependency>
    <dependency>
      <groupId>org.apache.maven.dotnet</groupId>
      <artifactId>dotnet-executable</artifactId>
      <version>0.14</version>
    </dependency>
    <dependency>
      <groupId>org.apache.maven.dotnet</groupId>
      <artifactId>dotnet-artifact</artifactId>
      <version>0.14</version>
    </dependency>
    <dependency>
      <groupId>org.apache.maven.dotnet</groupId>
      <artifactId>dotnet-plugin</artifactId>
      <version>0.14</version>
    </dependency>
  </dependencies>
  <build>
    <plugins>
      <plugin>
        <groupId>org.apache.maven.plugins</groupId>
        <artifactId>maven-compiler-plugin</artifactId>
        <configuration>
          <source>1.5</source>
          <target>1.5</target>
        </configuration>
      </plugin>
    </plugins>
  </build>
</project>