<netDependencies>
  <!--Plugins-->
  <netDependency>
    <groupId>npanday.plugin</groupId>
    <artifactId>NPanday.Plugin.Resx</artifactId>
    <type>exe</type>
  </netDependency>
  <netDependency>
    <groupId>npanday.plugin</groupId>
    <artifactId>NPanday.Plugin.Settings</artifactId>
    <type>netplugin</type>
  </netDependency>
  <netDependency>
    <groupId>npanday.plugin</groupId>
    <artifactId>NPanday.Plugin.Devenv</artifactId>
    <type>netplugin</type>
  </netDependency>
  <netDependency>
    <groupId>npanday.plugin</groupId>
    <artifactId>NPanday.Plugin.Addin</artifactId>
    <type>netplugin</type>
  </netDependency>
  <netDependency>
    <groupId>npanday.plugin</groupId>
    <artifactId>NPanday.Plugin.SysRef</artifactId>
    <type>netplugin</type>
  </netDependency>
  <netDependency>
    <groupId>npanday.plugin</groupId>
    <artifactId>NPanday.Plugin.Msbuild</artifactId>
    <type>netplugin</type>
  </netDependency>
  <!--IDE-->
  <netDependency>
    <groupId>npanday.visualstudio</groupId>
    <artifactId>NPanday.VisualStudio.Addin</artifactId>
    <type>visual-studio-addin</type>
    <profile>VisualStudio2005</profile>
  </netDependency>
  <netDependency>
    <groupId>npanday.visualstudio</groupId>
    <artifactId>NPanday.VisualStudio</artifactId>
    <type>library</type>
    <profile>VisualStudio2005</profile>
  </netDependency>

  <!--Plugin Framework-->
  <netDependency>
    <groupId>npanday.plugin</groupId>
    <artifactId>NPanday.Plugin</artifactId>
    <type>library</type>
    <isGacInstall>true</isGacInstall>
    <publicKeyToken>4b435f4d76e2f0e6</publicKeyToken>
  </netDependency>
  <netDependency>
    <groupId>npanday.model</groupId>
    <artifactId>NPanday.Model.Pom</artifactId>
    <type>library</type>
    <isGacInstall>true</isGacInstall>
    <publicKeyToken>4b435f4d76e2f0e6</publicKeyToken>
  </netDependency>
  <netDependency>
    <groupId>npanday.plugin</groupId>
    <artifactId>NPanday.Plugin.Runner</artifactId>
    <type>exe</type>
  </netDependency>
  <netDependency>
    <groupId>npanday.plugin</groupId>
    <artifactId>NPanday.Plugin.Loader</artifactId>
    <type>exe</type>
  </netDependency>
  <netDependency>
    <groupId>npanday.plugin</groupId>
    <artifactId>NPanday.Plugin.MojoGenerator</artifactId>
    <type>exe</type>
  </netDependency>
</netDependencies>
