<component-set>
  <components>
    <component>
      <role>npanday.registry.RepositoryRegistry</role>
      <implementation>npanday.registry.impl.RepositoryRegistryImpl</implementation>
    </component>
    <component>
      <role>npanday.registry.DataAccessObjectRegistry</role>
      <implementation>npanday.registry.impl.DataAccessObjectRegistryImpl</implementation>
      <requirements>
        <requirement>
          <role>npanday.registry.RepositoryRegistry</role>
        </requirement>
      </requirements>
    </component>
  </components>
</component-set>
